Timestamp,Where do you tend to keep your phone,Do you tend to keep your phone on your left or right?,"When you keep your phone in a pants pocket, which pocket do you normally use?",Which style pants do you tend to wear?
3/6/2020 11:57:58,Pants pocket,Right,Back pocket,Womens
3/6/2020 11:58:29,Coat/Jacket pocket,Left,,
3/6/2020 12:06:13,Pants pocket,Right,Front pocket,Mens
3/6/2020 12:14:20,my bag,Right,Front pocket,Womens
3/6/2020 12:14:32,Pants pocket,Right,Back pocket,Womens
3/6/2020 12:19:51,Coat/Jacket pocket,Right,,
3/6/2020 12:20:44,Purse/Handbag,Right,,
3/6/2020 12:20:52,Pants pocket,Right,Front pocket,Mens
3/6/2020 12:28:03,Pants pocket,Left,Front pocket,Mens
3/6/2020 12:30:51,Pants pocket,Left,Front pocket,Mens
3/6/2020 12:30:55,Purse/Handbag,Right,,
3/6/2020 12:32:09,Pants pocket,Right,Front pocket,Mens
3/6/2020 12:32:45,Pants pocket,Right,Back pocket,Mens
3/6/2020 12:40:11,Coat/Jacket pocket,Right,,
3/6/2020 12:41:08,Pants pocket,Right,Front pocket,Mens
3/6/2020 12:46:25,Pants pocket,Right,Front pocket,Mens
3/6/2020 12:48:30,Purse/Handbag,Right,,
3/6/2020 12:58:28,In my hand or on the desk/table. My phone is too big for my pockets,Right,Back pocket,
3/6/2020 13:10:40,Pants pocket,Left,Back pocket,Womens
3/6/2020 13:13:14,Coat/Jacket pocket,Left,,
3/6/2020 13:20:13,Pants pocket,Left,Front pocket,Womens
3/6/2020 13:23:29,Pants pocket,Right,Front pocket,Mens
3/6/2020 13:29:38,Coat/Jacket pocket,Right,,
3/6/2020 13:30:01,Coat/Jacket pocket,Right,,
3/6/2020 13:32:26,Coat/Jacket pocket,Right,,
3/6/2020 13:37:43,Pants pocket,Right,Front pocket,Mens
3/6/2020 14:00:44,Pants pocket,Right,Front pocket,Mens
3/6/2020 14:01:06,Pants pocket,Right,Front pocket,Mens
3/6/2020 14:01:37,Pants pocket,Right,Front pocket,Mens
3/6/2020 14:03:42,Coat/Jacket pocket,Right,,
3/6/2020 14:04:11,Pants pocket,Right,Front pocket,Mens
3/6/2020 14:04:59,Coat/Jacket pocket,Right,,
3/6/2020 14:05:53,Pants pocket,Right,Back pocket,Womens
3/6/2020 14:10:09,Pants pocket,Right,Front pocket,Mens
3/6/2020 14:13:50,Pants pocket,Left,Back pocket,Womens
3/6/2020 14:18:19,Coat/Jacket pocket,Right,,
3/6/2020 14:18:41,Pants pocket,Left,Front pocket,Mens
3/6/2020 14:18:58,Pants pocket,Left,Front pocket,Mens
3/6/2020 14:21:31,Pants pocket,Right,Front pocket,Mens
3/6/2020 14:25:00,Pants pocket,Right,Front pocket,Mens
3/6/2020 14:36:01,Pants pocket,Right,Back pocket,Womens
3/6/2020 14:39:03,Pants pocket,Left,Front pocket,Mens
3/6/2020 14:41:59,Pants pocket,Left,Front pocket,Mens
3/6/2020 14:42:00,Pants pocket,Left,Front pocket,Mens
3/6/2020 14:45:37,Pants pocket,Left,Front pocket,Mens
3/6/2020 14:46:11,Pants pocket,Left,Front pocket,Mens
3/6/2020 14:47:09,Pants pocket,Right,Back pocket,Womens
3/6/2020 14:51:21,Purse/Handbag,Right,,
3/6/2020 14:54:53,"Coat when wearing coat, pants otherwise",Right,Back pocket,Womens
3/6/2020 14:56:14,Pants pocket,Right,Front pocket,Mens
3/6/2020 14:57:29,Pants pocket,Right,Front pocket,Womens
3/6/2020 14:57:38,Coat/Jacket pocket,Left,,
3/6/2020 15:00:49,Purse/Handbag,Right,,
3/6/2020 15:05:16,Purse/Handbag,Right,,
3/6/2020 15:16:08,Pants pocket,Left,Front pocket,Mens
3/6/2020 15:16:34,Pants pocket,Left,Front pocket,Mens
3/6/2020 15:17:39,Pants pocket,Left,Front pocket,Mens
3/6/2020 15:19:34,Purse/Handbag,Left,,
3/6/2020 15:20:28,Pants pocket,Right,Front pocket,Mens
3/6/2020 15:20:30,Pants pocket,Right,Front pocket,Mens
3/6/2020 15:24:05,Coat/Jacket pocket,Right,,
3/6/2020 15:24:51,Pants pocket,Right,Front pocket,Mens
3/6/2020 15:30:02,Coat/Jacket pocket,Right,,
3/6/2020 15:40:25,Pants pocket,Left,Front pocket,Mens
3/6/2020 15:41:17,Pants pocket,Right,Front pocket,Mens
3/6/2020 15:42:20,Coat/Jacket pocket,Right,,
3/6/2020 15:47:14,Pants pocket,Right,Back pocket,Womens
3/6/2020 15:49:30,Pants pocket,Left,Back pocket,Womens
3/6/2020 15:51:24,Pants pocket,Left,Front pocket,Mens
3/6/2020 15:56:38,Pants pocket,Right,Front pocket,Mens
3/6/2020 16:00:01,Pants pocket,Left,Front pocket,Mens
3/6/2020 16:05:14,Pants pocket,Left,Front pocket,Mens
3/6/2020 16:05:33,Pants pocket,Right,Front pocket,Mens
3/6/2020 16:05:49,Pants pocket,Left,Front pocket,Mens
3/6/2020 16:08:16,Pants pocket,Left,Front pocket,Mens
3/6/2020 16:10:01,Pants pocket,Right,Front pocket,Mens
3/6/2020 16:15:40,Pants pocket,Right,Back pocket,Womens
3/6/2020 16:21:00,Pants pocket,Left,Front pocket,Mens
3/6/2020 16:21:44,Pants pocket,Right,Front pocket,Mens
3/6/2020 16:23:18,Pants pocket,Left,Front pocket,Mens
3/6/2020 16:23:20,Coat/Jacket pocket,Right,,
3/6/2020 16:23:33,Pants pocket,Right,Back pocket,Mens
3/6/2020 16:24:18,Pants pocket,Left,Front pocket,Womens
3/6/2020 16:26:28,Coat/Jacket pocket,Right,,
3/6/2020 16:26:29,Purse/Handbag,Right,,
3/6/2020 16:27:52,Coat/Jacket pocket,Right,,
3/6/2020 16:28:14,Pants pocket,Right,Front pocket,Mens
3/6/2020 16:30:11,Pants pocket,Left,Front pocket,Mens
3/6/2020 16:31:03,"On my desk when at work, in pocket when at home. ",Right,Back pocket,Womens
3/6/2020 16:35:14,Pants pocket,Right,Front pocket,Mens
3/6/2020 16:35:39,Pants pocket,Right,Back pocket,Mens
3/6/2020 16:38:12,"All of the above, it depends how rushed I am",Right,Front pocket,Mens
3/6/2020 16:40:17,Coat/Jacket pocket,Right,,
3/6/2020 16:42:02,Pants pocket,Right,Front pocket,Mens
3/6/2020 16:43:20,Pants pocket,Right,Back pocket,Womens
3/6/2020 16:44:52,Pants pocket,Right,Front pocket,Womens
3/6/2020 16:45:07,Coat/Jacket pocket,Right,,
3/6/2020 16:45:11,Pants pocket,Right,Front pocket,Mens
3/6/2020 16:46:44,Pants pocket,Left,Front pocket,Mens
3/6/2020 16:49:07,Pants pocket,Right,Back pocket,Womens
3/6/2020 16:51:10,Purse/Handbag,Left,,
3/6/2020 16:52:55,Purse/Handbag,Left,,
3/6/2020 16:53:03,Pants pocket,Right,Back pocket,Womens
3/6/2020 16:53:15,Pants pocket,Right,Back pocket,Womens
3/6/2020 16:53:21,Pants pocket,Left,Front pocket,Mens
3/6/2020 16:56:21,Pants pocket,Right,Back pocket,Womens
3/6/2020 16:57:18,Pants pocket,Left,Back pocket,Mens
3/6/2020 17:00:33,Pants pocket,Left,Front pocket,Mens
3/6/2020 17:01:34,Pants pocket,Right,Front pocket,Womens
3/6/2020 17:01:41,Coat/Jacket pocket,Right,,
3/6/2020 17:02:09,Pants pocket,Left,Front pocket,Mens
3/6/2020 17:04:15,Pants pocket,Right,Front pocket,Mens
3/6/2020 17:04:35,Pants pocket,Right,Front pocket,Mens
3/6/2020 17:07:49,Pants pocket,Left,Back pocket,Mens
3/6/2020 17:08:40,"All of these places depending on my situation. If I have a jacket, it's jacket. Then purse unless I'm waiting for something/in text convo - then it's back left pocked. I am left handed.",Left,Back pocket,Womens
3/6/2020 17:09:32,Coat/Jacket pocket,Left,,
3/6/2020 17:10:56,Pants pocket,Right,Back pocket,Womens
3/6/2020 17:13:00,Coat/Jacket pocket,Right,,
3/6/2020 17:14:52,Coat/Jacket pocket,Left,,
3/6/2020 17:17:45,Pants pocket,Right,Back pocket,Womens
3/6/2020 17:23:39,Pants pocket,Right,Front pocket,Mens
3/6/2020 17:27:45,Coat/Jacket pocket,Right,,
3/6/2020 17:35:23,Coat/Jacket pocket,Right,,
3/6/2020 17:36:55,Pants pocket,Left,Front pocket,Mens
3/6/2020 17:37:58,Coat/Jacket pocket,Right,,
3/6/2020 17:39:06,Pants pocket,Right,Front pocket,Mens
3/6/2020 17:39:20,Pants pocket,Left,Front pocket,Mens
3/6/2020 17:39:38,Pants pocket,Right,Front pocket,Mens
3/6/2020 17:44:29,Pants pocket,Left,Front pocket,Womens
3/6/2020 17:46:08,Pants pocket,Right,Front pocket,Mens
3/6/2020 17:46:57,"Pants pocket and purse, depending on my setting",Right,Back pocket,Womens
3/6/2020 17:47:22,Pants pocket,Right,Front pocket,Mens
3/6/2020 17:50:46,Pants pocket,Right,Front pocket,Womens
3/6/2020 17:50:52,Pants pocket,Right,Front pocket,Mens
3/6/2020 17:56:52,Pants pocket,Left,Front pocket,Mens
3/6/2020 17:57:41,Pants pocket,Left,Back pocket,Mens
3/6/2020 18:02:52,Coat/Jacket pocket,Right,,
3/6/2020 18:05:21,Pants pocket,Right,Front pocket,Mens
3/6/2020 18:07:23,Purse/Handbag,Left,,
3/6/2020 18:07:25,Coat/Jacket pocket,Right,,
3/6/2020 18:14:49,Purse/Handbag,Left,,
3/6/2020 18:19:53,Pants pocket,Left,Front pocket,Mens
3/6/2020 18:22:15,Coat/Jacket pocket,Right,,
3/6/2020 18:23:34,Coat/Jacket pocket,Right,,
3/6/2020 18:26:27,Pants pocket,Right,Front pocket,Mens
3/6/2020 18:32:54,Pants pocket,Right,Front pocket,Mens
3/6/2020 18:34:10,Pants pocket,Right,Front pocket,Mens
3/6/2020 18:34:44,Pants pocket,Right,Back pocket,Womens
3/6/2020 18:34:50,Pants pocket,Right,Back pocket,Womens
3/6/2020 18:35:40,Pants pocket,Left,Front pocket,Mens
3/6/2020 18:36:09,Coat/Jacket pocket,Right,,
3/6/2020 18:36:27,Pants pocket,Right,Front pocket,Womens
3/6/2020 18:40:57,Holster,Right,Front pocket,Mens
3/6/2020 18:42:38,Pants pocket,Right,Front pocket,Mens
3/6/2020 18:54:14,Purse/Handbag,Left,,
3/6/2020 18:55:35,In my waistband,Right,Back pocket,Womens
3/6/2020 18:55:58,Coat/Jacket pocket,Right,,
3/6/2020 18:58:38,Pants pocket,Right,Front pocket,Mens
3/6/2020 19:02:08,Pants pocket,Right,Front pocket,Womens
3/6/2020 19:03:05,Pants pocket,Right,Front pocket,Mens
3/6/2020 19:03:39,Pants pocket,Right,Back pocket,Womens
3/6/2020 19:05:13,Pants pocket,Left,Front pocket,Mens
3/6/2020 19:06:37,Coat/Jacket pocket,Left,,
3/6/2020 19:08:05,Pants pocket,Left,Front pocket,Mens
3/6/2020 19:10:18,Pants pocket,Right,Back pocket,Womens
3/6/2020 19:10:33,Pants pocket,Left,Front pocket,Mens
3/6/2020 19:10:43,Purse/Handbag,Left,,
3/6/2020 19:12:55,Coat/Jacket pocket,Right,,
3/6/2020 19:13:31,Pants pocket,Right,Front pocket,Mens
3/6/2020 19:13:56,Coat/Jacket pocket,Right,,
3/6/2020 19:16:27,Pants pocket,Right,Back pocket,Womens
3/6/2020 19:16:59,Purse/Handbag,Right,,
3/6/2020 19:17:19,Coat/Jacket pocket,Right,,
3/6/2020 19:18:29,Pants pocket,Left,Back pocket,Womens
3/6/2020 19:19:20,Pants pocket,Right,Front pocket,Mens
3/6/2020 19:19:33,Purse/Handbag,Left,,
3/6/2020 19:20:50,Pants pocket,Right,Front pocket,Mens
3/6/2020 19:20:58,Pants pocket,Right,Back pocket,Womens
3/6/2020 19:21:15,Pants pocket,Left,Front pocket,Mens
3/6/2020 19:22:28,Coat/Jacket pocket,Right,,
3/6/2020 19:23:45,Purse/Handbag,Left,,
3/6/2020 19:25:21,Back pants pocket or purse if not wearing pants with pockets. ,Right,Back pocket,Womens
3/6/2020 19:31:10,Pants pocket,Left,Back pocket,Womens
3/6/2020 19:31:14,Pants pocket,Right,Other pocket,Womens
3/6/2020 19:31:32,Pants pocket,Left,Front pocket,Womens
3/6/2020 19:31:56,Pants pocket,Right,Front pocket,Mens
3/6/2020 19:32:17,Pants pocket,Right,Front pocket,Mens
3/6/2020 19:35:56,Pants pocket,Right,Front pocket,Mens
3/6/2020 19:36:47,Pants pocket,Right,Front pocket,Mens
3/6/2020 19:37:45,Pants pocket,Left,Front pocket,Mens
3/6/2020 19:38:11,Pants pocket,Right,Back pocket,Womens
3/6/2020 19:39:08,Pants pocket,Right,Back pocket,Womens
3/6/2020 19:39:29,Pants pocket,Right,Front pocket,Mens
3/6/2020 19:41:28,Coat/Jacket pocket,Right,,
3/6/2020 19:46:56,Pants pocket,Right,Back pocket,Womens
3/6/2020 19:49:12,Pants pocket,Right,Back pocket,Womens
3/6/2020 19:54:13,Pants pocket,Right,Back pocket,Womens
3/6/2020 19:54:40,Pants pocket,Left,Back pocket,Mens
3/6/2020 19:56:37,Pants pocket,Right,Front pocket,Mens
3/6/2020 19:58:06,Pants pocket,Left,Front pocket,Mens
3/6/2020 19:58:43,Pants pocket,Left,Front pocket,Mens
3/6/2020 20:02:52,Backpack,Right,Front pocket,Mens
3/6/2020 20:06:51,Pants pocket,Right,Back pocket,Womens
3/6/2020 20:06:53,Purse/Handbag,Right,,
3/6/2020 20:11:15,Purse/Handbag,Right,,
3/6/2020 20:12:24,Pants pocket,Left,Front pocket,Mens
3/6/2020 20:13:59,Coat/Jacket pocket,Right,,
3/6/2020 20:14:11,Pants pocket,Right,Back pocket,Womens
3/6/2020 20:15:12,Pants pocket,Right,Front pocket,Mens
3/6/2020 20:15:21,Coat/Jacket pocket,Right,,
3/6/2020 20:15:52,Pants pocket,Right,Back pocket,Womens
3/6/2020 20:18:11,Purse/Handbag,Right,,
3/6/2020 20:19:42,Pants pocket,Right,Back pocket,Mens
3/6/2020 20:20:11,Pants pocket,Right,Front pocket,Mens
3/6/2020 20:20:27,Pants pocket,Left,Front pocket,Mens
3/6/2020 20:27:38,Pants pocket,Right,Front pocket,Mens
3/6/2020 20:30:36,Pants pocket,Left,Other pocket,Mens
3/6/2020 20:32:56,Pants pocket,Left,Back pocket,Mens
3/6/2020 20:34:44,Pants pocket,Right,Back pocket,Mens
3/6/2020 20:35:51,Pants pocket,Right,Front pocket,Womens
3/6/2020 20:38:23,Coat/Jacket pocket,Right,,
3/6/2020 20:40:38,Coat/Jacket pocket,Left,,
3/6/2020 20:40:57,Shirt pocket,Left,Front pocket,Mens
3/6/2020 20:44:07,Pants pocket,Right,Back pocket,Womens
3/6/2020 20:46:15,Pants pocket,Left,Front pocket,Womens
3/6/2020 20:47:55,Coat/Jacket pocket,Right,,
3/6/2020 20:49:21,Pants pocket,Right,Front pocket,Mens
3/6/2020 20:50:11,Pants pocket,Right,Front pocket,Mens
3/6/2020 20:50:32,Coat/Jacket pocket,Left,,
3/6/2020 20:58:33,Pants pocket,Right,Front pocket,Mens
3/6/2020 21:00:06,Pants pocket,Left,Front pocket,Womens
3/6/2020 21:02:46,Anywhere it fits,Right,Front pocket,Mens
3/6/2020 21:04:53,Purse/Handbag,Right,,
3/6/2020 21:05:27,Pants pocket,Right,Front pocket,Mens
3/6/2020 21:05:32,Pants pocket,Left,Back pocket,Womens
3/6/2020 21:06:54,Right in my hand because I don’t carry a purse and women’s pants don’t have pockets ,Right,Front pocket,Womens
3/6/2020 21:08:42,Pants pocket,Right,Front pocket,Mens
3/6/2020 21:10:05,Coat/Jacket pocket,Right,,
3/6/2020 21:10:16,Pants pocket,Left,Front pocket,Mens
3/6/2020 21:11:37,Pants pocket,Left,Front pocket,Mens
3/6/2020 21:12:30,Between breasts,Right,Other pocket,Womens
3/6/2020 21:13:24,Purse/Handbag,Right,,
3/6/2020 21:15:06,Coat/Jacket pocket,Right,,
3/6/2020 21:15:28,Pants pocket,Right,Back pocket,Womens
3/6/2020 21:16:09,Coat/Jacket pocket,Right,,
3/6/2020 21:16:28,Pants pocket,Left,Front pocket,Mens
3/6/2020 21:18:46,Pants pocket,Right,Front pocket,Mens
3/6/2020 21:23:46,Pants pocket,Right,Front pocket,Mens
3/6/2020 21:24:00,Pants pocket,Right,Back pocket,Womens
3/6/2020 21:24:07,Purse/Handbag,Right,,
3/6/2020 21:30:23,Purse/Handbag,Right,,
3/6/2020 21:31:07,Pants pocket,Right,Back pocket,Womens
3/6/2020 21:36:47,Pants pocket,Right,Front pocket,Mens
3/6/2020 21:38:49,Coat/Jacket pocket,Right,,
3/6/2020 21:39:12,Pants pocket,Left,Front pocket,Mens
3/6/2020 21:41:08,Pants pocket,Left,Front pocket,Mens
3/6/2020 21:41:13,Pants pocket,Right,Back pocket,Mens
3/6/2020 21:47:55,Pants pocket,Left,Front pocket,Mens
3/6/2020 21:49:10,Pants if wearing pants w/pockets. Jacket if not. Bra strap if neither. ,Left,Back pocket,Womens
3/6/2020 21:49:15,Pants pocket,Left,Front pocket,Mens
3/6/2020 21:52:03,Pants pocket,Right,Back pocket,Mens
3/6/2020 21:52:39,Pants pocket,Left,Front pocket,Mens
3/6/2020 21:53:28,Purse/Handbag,Right,,
3/6/2020 21:56:46,Coat/Jacket pocket,Left,,
3/6/2020 21:57:03,Pants pocket,Right,Front pocket,Mens
3/6/2020 21:57:06,Coat/Jacket pocket,Right,,
3/6/2020 21:58:41,Backpack,Left,Front pocket,Mens
3/6/2020 21:58:51,Purse/Handbag,Right,,
3/6/2020 21:59:45,Pants pocket,Left,Front pocket,Mens
3/6/2020 22:00:14,Pants pocket,Right,Back pocket,Womens
3/6/2020 22:01:40,Pants pocket,Left,Back pocket,Mens
3/6/2020 22:02:13,Pants pocket,Right,Front pocket,Mens
3/6/2020 22:02:38,All of the above,Right,Back pocket,Womens
3/6/2020 22:04:03,Pants pocket,Right,Front pocket,Mens
3/6/2020 22:06:18,Coat/Jacket pocket,Right,,
3/6/2020 22:07:13,Pants pocket,Right,Back pocket,Womens
3/6/2020 22:07:17,hand/backpack,Right,Front pocket,Womens
3/6/2020 22:07:44,Coat/Jacket pocket,Right,,
3/6/2020 22:08:11,Pants pocket,Right,Back pocket,Womens
3/6/2020 22:13:50,Coat/Jacket pocket,Right,,
3/6/2020 22:14:12,Pants pocket,Right,Front pocket,Mens
3/6/2020 22:14:52,Pants pocket,Right,Back pocket,Mens
3/6/2020 22:14:58,Pants pocket,Left,Front pocket,Mens
3/6/2020 22:15:25,Pants pocket,Left,Front pocket,Mens
3/6/2020 22:15:28,Purse/Handbag,Left,,
3/6/2020 22:16:15,"Pants if they have pockets, jacket in colder weather, purse if I have to",Right,Front pocket,Womens
3/6/2020 22:16:21,Coat/Jacket pocket,Right,,
3/6/2020 22:16:24,Pants pocket,Right,Back pocket,Womens
3/6/2020 22:17:10,Pants pocket,Right,Front pocket,Mens
3/6/2020 22:18:18,Pants pocket,Right,Front pocket,Mens
3/6/2020 22:19:34,Pants pocket,Right,Front pocket,Mens
3/6/2020 22:20:46,Coat/Jacket pocket,Right,,
3/6/2020 22:20:53,Pants pocket,Right,Front pocket,Mens
3/6/2020 22:22:03,Pants pocket,Left,Front pocket,Mens
3/6/2020 22:23:07,Pants pocket,Left,Front pocket,Mens
3/6/2020 22:23:13,Coat/Jacket pocket,Right,,
3/6/2020 22:23:38,Pants pocket,Left,Front pocket,Mens
3/6/2020 22:23:50,Coat/Jacket pocket,Left,,
3/6/2020 22:23:53,Pants pocket,Right,Back pocket,Womens
3/6/2020 22:23:59,Pants pocket,Left,Front pocket,Mens
3/6/2020 22:24:23,Pants pocket,Left,Front pocket,Mens
3/6/2020 22:24:35,Pants pocket,Right,Front pocket,Mens
3/6/2020 22:25:51,Pants pocket,Right,Front pocket,Mens
3/6/2020 22:26:15,Pants pocket,Right,Front pocket,Mens
3/6/2020 22:27:52,Breast pocket ,Left,Back pocket,Womens
3/6/2020 22:27:54,Pants pocket,Right,Front pocket,Mens
3/6/2020 22:30:51,Pants pocket,Right,Back pocket,Womens
3/6/2020 22:31:33,Coat/Jacket pocket,Right,,
3/6/2020 22:31:48,Pants pocket,Right,Front pocket,Mens
3/6/2020 22:32:55,Pants pocket,Right,Front pocket,Mens
3/6/2020 22:33:24,Coat/Jacket pocket,Right,,
3/6/2020 22:34:45,Pants pocket,Right,Back pocket,Womens
3/6/2020 22:34:47,Shirt pocket on chest,Left,Front pocket,Mens
3/6/2020 22:35:29,Pants pocket,Right,Front pocket,Mens
3/6/2020 22:36:26,Purse/Handbag,Right,,
3/6/2020 22:37:47,Pants pocket,Right,Front pocket,Mens
3/6/2020 22:38:20,Pants pocket,Left,Other pocket,Womens
3/6/2020 22:39:25,Pants pocket,Right,Front pocket,Womens
3/6/2020 22:41:09,Pants pocket,Right,Front pocket,Mens
3/6/2020 22:41:44,Pants pocket,Right,Back pocket,Womens
3/6/2020 22:42:02,Coat/Jacket pocket,Right,,
3/6/2020 22:42:17,Coat/Jacket pocket,Right,,
3/6/2020 22:43:01,Purse/Handbag,Left,,
3/6/2020 22:43:03,Pants pocket,Right,Back pocket,Womens
3/6/2020 22:43:14,Pants pocket,Right,Back pocket,Womens
3/6/2020 22:44:03,Coat/Jacket pocket,Left,,
3/6/2020 22:44:04,On the sofa (at home),Right,Front pocket,Mens
3/6/2020 22:44:40,Pants pocket,Right,Front pocket,Mens
3/6/2020 22:45:46,Pants pocket,Right,Back pocket,Mens
3/6/2020 22:46:23,Pants pocket,Right,Front pocket,Mens
3/6/2020 22:47:13,Pants pocket,Right,Front pocket,Mens
3/6/2020 22:47:57,Purse/Handbag,Right,,
3/6/2020 22:48:06,Coat/Jacket pocket,Right,,
3/6/2020 22:49:08,Pants pocket,Right,Front pocket,Mens
3/6/2020 22:52:22,Pants pocket,Right,Front pocket,Mens
3/6/2020 22:54:19,Pants pocket,Right,Front pocket,Womens
3/6/2020 22:56:07,Pants pocket,Right,Back pocket,Womens
3/6/2020 22:56:45,Coat/Jacket pocket,Right,,
3/6/2020 22:58:34,Pants pocket,Right,Front pocket,Mens
3/6/2020 22:59:56,Coat/Jacket pocket,Right,,
3/6/2020 23:00:43,Pants pocket,Right,Back pocket,Womens
3/6/2020 23:02:49,Pants pocket,Right,Back pocket,Womens
3/6/2020 23:03:00,Purse/Handbag,Right,,
3/6/2020 23:04:48,Pants pocket,Right,Back pocket,Womens
3/6/2020 23:05:11,Pants pocket,Left,Front pocket,Womens
3/6/2020 23:05:32,Coat/Jacket pocket,Left,,
3/6/2020 23:07:17,Pants pocket,Left,Front pocket,Mens
3/6/2020 23:07:27,Pants pocket,Right,Front pocket,Womens
3/6/2020 23:07:41,Coat/Jacket pocket,Right,,
3/6/2020 23:13:26,"Used to be pants pocket, but now phones are too big for women’s pants pockets. So it’s in my hand usually (sometimes purse). ",Right,Other pocket,Womens
3/6/2020 23:15:32,Pants pocket,Right,Front pocket,Mens
3/6/2020 23:16:14,Pants pocket,Right,Front pocket,Mens
3/6/2020 23:22:08,Coat/Jacket pocket,Left,,
3/6/2020 23:22:49,Purse/Handbag,Right,,
3/6/2020 23:23:14,Pants pocket,Right,Back pocket,Womens
3/6/2020 23:27:10,ramalamadamacamanamapamasamazamadingdong,Left,Other pocket,Womens
3/6/2020 23:30:15,Pants pocket,Right,Back pocket,Mens
3/6/2020 23:30:31,Pants pocket,Left,Front pocket,Mens
3/6/2020 23:30:59,Pants pocket,Right,Back pocket,Womens
3/6/2020 23:31:25,Coat/Jacket pocket,Left,,
3/6/2020 23:34:53,Pants pocket,Left,Front pocket,Mens
3/6/2020 23:42:05,Pants pocket,Right,Front pocket,Mens
3/6/2020 23:44:18,Pants pocket,Left,Front pocket,Mens
3/6/2020 23:50:28,Pants pocket,Right,Back pocket,Womens
3/6/2020 23:55:35,Purse/Handbag,Left,,
3/6/2020 23:55:57,Pants pocket,Right,Back pocket,Womens
3/6/2020 23:56:03,Pants pocket,Right,Back pocket,Womens
3/6/2020 23:57:52,Purse/Handbag,Left,,
3/6/2020 23:58:26,Coat/Jacket pocket,Right,,
3/7/2020 0:00:20,Purse/Handbag,Left,,
3/7/2020 0:01:53,Backpack,Left,Back pocket,Womens
3/7/2020 0:02:52,Pants pocket,Right,Back pocket,Womens
3/7/2020 0:03:08,Pants pocket,Right,Front pocket,Mens
3/7/2020 0:03:15,Pants pocket,Right,Back pocket,Womens
3/7/2020 0:04:25,Pants pocket,Right,Front pocket,Mens
3/7/2020 0:05:00,Pants pocket,Right,Front pocket,Mens
3/7/2020 0:06:43,Pants pocket,Right,Front pocket,Mens
3/7/2020 0:08:30,Purse/Handbag,Right,,
3/7/2020 0:11:29,Pants pocket,Left,Back pocket,Womens
3/7/2020 0:12:51,Desk/lap/couch,Right,Front pocket,Womens
3/7/2020 0:14:28,Coat/Jacket pocket,Right,,
3/7/2020 0:15:33,Coat/Jacket pocket,Right,,
3/7/2020 0:16:15,Pants pocket,Right,Front pocket,Womens
3/7/2020 0:16:26,Pants pocket,Left,Front pocket,Mens
3/7/2020 0:17:09,Pants pocket,Right,Back pocket,Womens
3/7/2020 0:17:27,Purse/Handbag,Right,,
3/7/2020 0:18:23,Pants pocket,Left,Front pocket,Womens
3/7/2020 0:22:18,Pants pocket,Right,Back pocket,Womens
3/7/2020 0:22:34,i hold it with my hand,Left,Front pocket,Womens
3/7/2020 0:22:57,Pants pocket,Right,Back pocket,Womens
3/7/2020 0:23:39,Purse/Handbag,Left,,
3/7/2020 0:23:49,Pants pocket,Right,Back pocket,Womens
3/7/2020 0:27:59,Coat/Jacket pocket,Right,,
3/7/2020 0:31:25,Pants pocket,Right,Back pocket,Womens
3/7/2020 0:32:35,hand,Right,Back pocket,Womens
3/7/2020 0:36:50,Pants pocket,Left,Front pocket,Mens
3/7/2020 0:39:22,Pants pocket,Right,Back pocket,Womens
3/7/2020 0:41:08,Pants pocket,Right,Front pocket,Mens
3/7/2020 0:43:14,Coat/Jacket pocket,Left,,
3/7/2020 0:43:29,Pants pocket,Left,Back pocket,Womens
3/7/2020 0:59:14,Pants pocket,Right,Front pocket,Womens
3/7/2020 1:00:07,Pants pocket,Right,Front pocket,Mens
3/7/2020 1:04:18,Pants pocket,Right,Front pocket,Mens
3/7/2020 1:07:51,Purse/Handbag,Right,,
3/7/2020 1:09:18,Pants pocket,Left,Front pocket,Mens
3/7/2020 1:10:33,Hold it in my hand ,Left,Front pocket,Womens
3/7/2020 1:12:59,Purse/Handbag,Left,,
3/7/2020 1:16:50,Pants pocket,Right,Front pocket,Mens
3/7/2020 1:18:12,Pants pocket,Left,Front pocket,Mens
3/7/2020 1:19:40,Purse/Handbag,Right,,
3/7/2020 1:20:19,Pants pocket,Right,Front pocket,Mens
3/7/2020 1:23:46,Pants pocket,Right,Back pocket,Womens
3/7/2020 1:24:18,Pants pocket,Right,Back pocket,Mens
3/7/2020 1:24:30,Purse/Handbag,Right,,
3/7/2020 1:40:09,Pants pocket,Right,Front pocket,Mens
3/7/2020 1:40:45,Pants pocket,Right,Back pocket,Mens
3/7/2020 1:41:44,Purse/Handbag,Right,,
3/7/2020 1:42:10,Pants pocket,Right,Front pocket,Mens
3/7/2020 1:46:13,Pants pocket,Right,Front pocket,Mens
3/7/2020 1:52:27,Pants pocket,Left,Front pocket,Mens
3/7/2020 1:52:40,Purse/Handbag,Left,,
3/7/2020 1:52:47,Pants pocket,Right,Front pocket,Mens
3/7/2020 1:54:41,Pants pocket,Right,Back pocket,Womens
3/7/2020 1:56:14,Pants pocket,Right,Front pocket,Mens
3/7/2020 1:57:47,Pants pocket,Right,Back pocket,Womens
3/7/2020 2:03:56,Pants pocket,Right,Front pocket,Mens
3/7/2020 2:04:02,Pants pocket,Right,Front pocket,Mens
3/7/2020 2:11:25,Coat/Jacket pocket,Right,,
3/7/2020 2:12:06,Pants pocket,Right,Back pocket,Womens
3/7/2020 2:12:43,Pants pocket,Right,Front pocket,Womens
3/7/2020 2:15:34,Pants pocket,Right,Front pocket,Mens
3/7/2020 2:15:42,Pants pocket,Left,Front pocket,
3/7/2020 2:21:00,Pants pocket,Right,Back pocket,Womens
3/7/2020 2:28:55,Pants pocket,Right,Front pocket,Mens
3/7/2020 2:35:27,Coat/Jacket pocket,Right,,
3/7/2020 2:46:30,Pants pocket,Right,Front pocket,Womens
3/7/2020 2:52:33,Pants pocket,Right,Front pocket,Womens
3/7/2020 2:54:52,Coat/Jacket pocket,Right,,
3/7/2020 3:01:30,Coat/Jacket pocket,Right,,
3/7/2020 3:04:22,Pants pocket,Right,Front pocket,Mens
3/7/2020 3:11:58,Pants pocket,Right,Front pocket,Mens
3/7/2020 3:12:05,Pants pocket,Left,Front pocket,Mens
3/7/2020 3:20:47,Coat/Jacket pocket,Right,,
3/7/2020 3:25:19,Hand,Right,Front pocket,Womens
3/7/2020 3:35:13,Pants pocket,Right,Front pocket,Mens
3/7/2020 3:37:25,Coat/Jacket pocket,Right,,
3/7/2020 3:38:18,Pants pocket,Right,Front pocket,Mens
3/7/2020 3:48:59,Pants pocket,Right,Back pocket,Womens
3/7/2020 3:51:53,Pants pocket,Right,Back pocket,Mens
3/7/2020 4:01:14,Pants pocket,Right,Front pocket,Mens
3/7/2020 4:05:40,Pants pocket,Left,Front pocket,Mens
3/7/2020 4:05:59,Pants pocket,Right,Front pocket,Womens
3/7/2020 4:07:02,Pants pocket,Right,Front pocket,Mens
3/7/2020 4:12:28,Pants pocket,Right,Front pocket,Mens
3/7/2020 4:45:30,Pants pocket,Right,Front pocket,Mens
3/7/2020 4:48:30,Pants pocket,Right,Front pocket,Mens
3/7/2020 4:55:41,Pants pocket,Right,Front pocket,Mens
3/7/2020 5:01:35,bra because i dont have pockets,Left,Back pocket,Womens
3/7/2020 5:04:51,Pants pocket,Right,Front pocket,Mens
3/7/2020 5:10:03,Pants pocket,Right,Front pocket,Mens
3/7/2020 5:12:48,Pants pocket,Right,Back pocket,Womens
3/7/2020 5:14:25,Purse/Handbag,Right,,
3/7/2020 5:19:16,Purse/Handbag,Right,,
3/7/2020 5:31:35,Purse/Handbag,Right,,
3/7/2020 5:34:18,Bra,Left,Back pocket,Womens
3/7/2020 5:34:43,Pants pocket,Right,Front pocket,Mens
3/7/2020 5:44:01,Pants pocket,Left,Front pocket,Mens
3/7/2020 5:45:12,Pants pocket,Right,Front pocket,Mens
3/7/2020 5:51:24,Pants pocket,Left,Front pocket,Mens
3/7/2020 5:55:53,Pants pocket,Right,Front pocket,Mens
3/7/2020 5:56:31,Pants pocket,Right,Back pocket,Womens
3/7/2020 5:57:50,Pants pocket,Left,Front pocket,Mens
3/7/2020 5:58:47,Pants pocket,Left,Front pocket,Mens
3/7/2020 6:03:35,Pants pocket,Right,Front pocket,Mens
3/7/2020 6:06:57,Pants pocket,Right,Back pocket,Womens
3/7/2020 6:09:30,Pants pocket,Right,Front pocket,Mens
3/7/2020 6:15:58,Coat/Jacket pocket,Right,,
3/7/2020 6:16:10,Pants pocket,Right,Front pocket,Mens
3/7/2020 6:16:55,Desk or table,Left,Front pocket,Womens
3/7/2020 6:19:38,Pants pocket,Left,Front pocket,Mens
3/7/2020 6:26:15,Pants pocket,Left,Back pocket,Womens
3/7/2020 6:42:20,Pants pocket,Right,Front pocket,Mens
3/7/2020 6:44:19,Pants pocket,Right,Other pocket,Mens
3/7/2020 6:47:48,Pants pocket,Right,Front pocket,Mens
3/7/2020 6:53:15,Coat/Jacket pocket,Right,,
3/7/2020 6:54:59,Pants pocket,Left,Front pocket,Mens
3/7/2020 7:08:39,Pants pocket,Right,Front pocket,Mens
3/7/2020 7:13:26,Pants pocket,Left,Front pocket,Mens
3/7/2020 7:16:26,Pants pocket,Right,Front pocket,Mens
3/7/2020 7:21:13,Pants pocket,Right,Front pocket,Mens
3/7/2020 7:33:18,Pants pocket,Right,Back pocket,Womens
3/7/2020 7:33:51,Pants pocket,Left,Front pocket,Mens
3/7/2020 7:35:15,Coat/Jacket pocket,Right,,
3/7/2020 7:43:27,Coat/Jacket pocket,Right,,
3/7/2020 7:48:43,Pants pocket,Left,Front pocket,Mens
3/7/2020 7:58:55,Coat/Jacket pocket,Right,,
3/7/2020 8:09:38,Pants pocket,Left,Front pocket,Mens
3/7/2020 8:13:10,Pants pocket,Left,Front pocket,Mens
3/7/2020 8:14:02,Coat/Jacket pocket,Right,,
3/7/2020 8:18:11,Pants pocket,Right,Front pocket,Mens
3/7/2020 8:23:14,Pants pocket,Left,Front pocket,Womens
3/7/2020 8:44:13,Coat/Jacket pocket,Left,,
3/7/2020 9:08:03,Coat/Jacket pocket,Right,,
3/7/2020 9:09:59,Purse/Handbag,Right,,
3/7/2020 9:14:58,Pants pocket,Right,Front pocket,Mens
3/7/2020 9:18:05,"Trouser pocket when out and about, on floor tucked just under my bed when at home",Right,Front pocket,Mens
3/7/2020 9:32:49,Coat/Jacket pocket,Right,,
3/7/2020 9:32:53,Purse/Handbag,Left,,
3/7/2020 9:39:56,Coat/Jacket pocket,Right,,
3/7/2020 9:45:38,Pants pocket,Right,Front pocket,Mens
3/7/2020 9:51:38,Coat/Jacket pocket,Left,,
3/7/2020 9:53:43,Pants pocket,Right,Front pocket,Mens
3/7/2020 10:14:02,Pants pocket,Left,Front pocket,Mens
3/7/2020 10:18:12,Pants pocket,Right,Front pocket,Mens
3/7/2020 10:22:18,Pants pocket,Left,Front pocket,Mens